dps_cod,nombre_dps,centro,id_centro
9,DAS Santiago I,Centro DX los salados,1250191
9,DAS Santiago I,Clínica Privada PROFAMILIA,1250192
9,DAS Santiago I,CPN  Pedro García,1250193
9,DAS Santiago I,CPN Ana Cruz Gurabo,1250194
9,DAS Santiago I,CPN Buenos Aires,1250195
9,DAS Santiago I,CPN Centro Juventud Comunal-CJC,1250196
9,DAS Santiago I,CPN Cienfuegos,1250197
9,DAS Santiago I,CPN El Aguacate,1250198
9,DAS Santiago I,CPN Ens. Espaillat,1250199
9,DAS Santiago I,CPN Estancia del Yaque,1250291
9,DAS Santiago I,CPN Villa Nueva,1250292
9,DAS Santiago I,CPN Villa Tabacalera ST1,1250293
9,DAS Santiago I,"Hospital Municipal  Lilian Balcacer, Villa Bisonó, Navarrete",1250294
9,DAS Santiago I,CPN Banégas,1250791
9,DAS Santiago I,CPN Limón,1250792
9,DAS Santiago I,CPN Palmar Arriba,1250793
9,DAS Santiago I,Hospital Municipal Napier Díaz,1250794
9,DAS Santiago I,CPN LA CIENEGA ,12501941
9,DAS Santiago I,CPN PALMAR ABAJO ,1250795
4,DAS IV,Activo 20-30,10010141
4,DAS IV,"Anit, TB Infantil",10010142
4,DAS IV,Antirrábico Nacional,10010143
4,DAS IV,Area IV,10010144
4,DAS IV,Ayuntamiento,10010145
4,DAS IV,Cenro Med. Kennedy,10010146
4,DAS IV,Centro Comunitario Villa Agricolas,10010147
4,DAS IV,Clinica Cruz Jiminian,10010148
4,DAS IV,Clinica El Dique,10010149
5,DAS V,Centro Care,10010151
5,DAS V,Centro Dr. Garib Arbaje,10010152
5,DAS V,CENTRO ESPECIALIZAD O MERCANTIL EXPRESS,10010153
5,DAS V,Clínica Abel González-Salud PRO,10010154
5,DAS V,Clínica Gómez Patiño,10010155
5,DAS V,Clínica MACROMEDICA,10010156
5,DAS V,Clínica Padre Juan Lambert,10010157
5,DAS V,Clínica SEMMA,10010158
5,DAS V,Consultorio de Visa,10010159
6,DAS VI,Clínica INVAC,10010161
6,DAS VI,CPN  CAASD,10010162
6,DAS VI,CPN  El Caliche,10010163
6,DAS VI,CPN  INTEC,10010164
6,DAS VI,CPN  Octaviano Leraux,10010165
6,DAS VI,CPN Divina Providencia,10010166
6,DAS VI,CPN FUNDACAN,10010167
6,DAS VI,CPN FUSADI,10010168
6,DAS VI,CPN INTRANT,10010169
7,DAS VII,Clínica Orden de Malta,10010171
7,DAS VII,Clínica SALUDOM,10010172
7,DAS VII,COMITE DE SALUD BELLA COLINA,10010173
7,DAS VII,CPN  Ascom,10010174
7,DAS VII,CPN  Enriquillo,10010175
7,DAS VII,CPN  Evangelina R. (La Salle),10010176
7,DAS VII,CPN Barrio Duarte,10010177
7,DAS VII,CPN BIENVENIDO,10010178
7,DAS VII,CPN CABALLONA,10010179
8,DAS VIII,Clínica privada Alma Ata,10010181
8,DAS VIII,Clínica privada Santos Aquino,10010182
8,DAS VIII,CPN  Campamento  16 de Agosto,10010183
8,DAS VIII,CPN Palamara,10010184
8,DAS VIII,CPN Rubén Darío,10010185
8,DAS VIII,Hospital Dr. Elías Santana,10010186
8,DAS VIII,Hospital Dr. Vinicio Calventi,10010187
8,DAS VIII,Hospital Local Alcarrizos I,10010188
8,DAS VIII,Hospital Local Alcarrizos II,10010189
1,DAS I,Centro Diagnóstico Los Corales,10320111
1,DAS I,Centro Diagnóstico Villa Liberación,10320112
1,DAS I,Consulorio Aeropuerto Internacional de las Américas,10320113
1,DAS I,CPNA  Madre Laura,10320114
1,DAS I,CPNA Boca Chica I,10320115
1,DAS I,CPNA Brisas del Este,10320116
1,DAS I,CPNA Campo Lindo I,10320117
1,DAS I,CPNA Campo Lindo II,10320118
1,DAS I,CPNA Ciudad Juan Bosch,10320119
2,DAS II,CPN  Aldea Infantil S.O.S.,10320121
2,DAS II,CPN  El Dique,10320122
2,DAS II,CPN  FUNDELOSA,10320123
2,DAS II,CPN  Los Mameyes,10320124
2,DAS II,CPN  Los Tres Brazos,10320125
2,DAS II,CPN  Madre Candida,10320126
2,DAS II,CPN  Nuestra Señora De La Altagracia,10320127
2,DAS II,CPN  Nuestra Señora De Las Mercedes,10320128
2,DAS II,CPN  Santa Maria Reyna,10320129
3,DAS III,Casa Hogar pozo de jacob,10320331
3,DAS III,CPN  FUNDACOSI  Siglo XXI,10320332
3,DAS III,CPN  La Esperanza / San Felipe,10320333
3,DAS III,CPN  Mamá Tingo,10320334
3,DAS III,CPN  Mi Tio y Yo,10320335
3,DAS III,CPN ACOPRO,10320336
3,DAS III,CPN America Latina,10320337
3,DAS III,CPN AMICO,10320338
3,DAS III,CPN APRODEGUA,10320339
3,DAS III,Super Kiddos,10320340
3,DAS III,Profamilia DIII,10320341
19,Espaillat,CEVIMEP ESP,10901191
19,Espaillat,"Hospital IDSS Moca, Carlos María Rojas",10901192
19,Espaillat,Hospital Municipal José Contreras,10901193
19,Espaillat,Hospital Provincial Toribio Bencosme,10901194
19,Espaillat,UNAPS  Ceiba de madera,10901195
19,Espaillat,UNAPS  El Algarrobo,10901196
19,Espaillat,UNAPS  El Caimito,10901197
19,Espaillat,UNAPS  Juan López,10901198
19,Espaillat,UNAPS  La Ermita,10901199
19,Espaillat,Hospital Municipal Rafael Gutierrez,10902191
19,Espaillat,UNAPS La Guama ESP,10902192
19,Espaillat,Hospital Municipal Manuel de Luna,10903191
19,Espaillat,UNAPS  Joba Arriba,10903192
19,Espaillat,UNAPS  La Yagua,10903193
19,Espaillat,UNAPS  Veragua,10903194
19,Espaillat,UNAPS Batey Ginebra,10903195
19,Espaillat,UNAPS Villa Progreso,10903196
19,Espaillat,Hospital Municipal Jamao al Norte,10904191
19,Espaillat,UNAPSS Los Brazos,10904192
32,Puerto Plata,Clínica privada Brugal,11801321
32,Puerto Plata,CPN Centro Sanitario Dr. Gonzalez Jardi,11801322
32,Puerto Plata,Hospital Ricardo Limardo,11801323
32,Puerto Plata,UNAP El Cupey,11801324
32,Puerto Plata,UNAP El Javillar,11801325
32,Puerto Plata,UNAP El Mango,11801326
32,Puerto Plata,UNAP El Toro,11801327
32,Puerto Plata,UNAP Gregorio Luperon,11801328
32,Puerto Plata,UNAP Gurabito de Yaroa,11801329
32,Puerto Plata,Hospital  Municipal Joaquin Mendoza,11802321
32,Puerto Plata,Unap Escalera Arriba,11802322
32,Puerto Plata,UNAP Mama Malta,11802323
32,Puerto Plata,UNAP Palmar Grande,11802324
32,Puerto Plata,UNAP Rio Grande,11802325
32,Puerto Plata,Hospital Municipal Guananico,11803321
32,Puerto Plata,UNAP Fundacion,11803322
32,Puerto Plata,Hospital Municipal Imbert,11804321
32,Puerto Plata,UNAP Escalereta,11804322
32,Puerto Plata,UNAP Llanos de Perez,11804323
32,Puerto Plata,Hospital Municipal Los Hidalgos,11805321
32,Puerto Plata,UNAP Navas,11805322
32,Puerto Plata,CPN BARRANCÓN,11806321
32,Puerto Plata,Hospital Municipal Pablo Morrobel,11806322
32,Puerto Plata,UNAP El Castillo,11806323
32,Puerto Plata,UNAP Ranchito de los Vargas,11806324
32,Puerto Plata,CPN VILLA LIBERACIÓN PP,11807321
32,Puerto Plata,CPN MADRE VIEJA,11807322
32,Puerto Plata,UNAP Cabarete,11807323
32,Puerto Plata,Unap Catalina,11807324
32,Puerto Plata,UNAP Sabaneta,11807325
32,Puerto Plata,UNAP Sosua,11807326
32,Puerto Plata,Hospital Municipal Villa Isabela,11808321
32,Puerto Plata,UNAP Estero Hondo,11808322
32,Puerto Plata,UNAP Gualete,11808323
32,Puerto Plata,UNAP La Jaiba,11808324
32,Puerto Plata,UNAP Laguna Grande,11808325
32,Puerto Plata,UNAP Los Arquíes,11808326
32,Puerto Plata,Hosp. Dolores de La Cruz,11809321
32,Puerto Plata,HOSPITAL GENERAL GREGORIO LUPERÓN,11809322
9,DAS Santiago I,CPN Ensanche Bermúdez,12501910
9,DAS Santiago I,CPN FUNDAMBIENTE,12501911
9,DAS Santiago I,CPN Gurabo-Centro Diagnostico,12501912
9,DAS Santiago I,CPN Hoyo Bartola,12501913
9,DAS Santiago I,CPN Ingenio Abajo,12501914
9,DAS Santiago I,CPN Jacagua Adentro,12501915
9,DAS Santiago I,CPN Jacagua Arriba,12501916
9,DAS Santiago I,CPN La Ciénaga,12501917
9,DAS Santiago I,CPN La Cumbre,12501918
9,DAS Santiago I,CPN La Delgada,12501919
9,DAS Santiago I,CPN La Gloria,12501920
9,DAS Santiago I,CPN La Unión,12501921
9,DAS Santiago I,CPN Llanos de Ingenio,12501922
9,DAS Santiago I,CPN Los  Pérez,12501923
9,DAS Santiago I,CPN Los Ciruelitos,12501924
9,DAS Santiago I,CPN Los Tocones,12501925
9,DAS Santiago I,CPN Mamachén,12501926
9,DAS Santiago I,CPN Palmarito Los Cocos,12501927
9,DAS Santiago I,CPN Ranchito Piche,12501928
9,DAS Santiago I,CPN Santa Lucia,12501929
9,DAS Santiago I,Hospital  Ensanche  Libertad,12501930
9,DAS Santiago I,Hospital Arturo Grullón,12501931
9,DAS Santiago I,Hospital general las colinas,12501932
9,DAS Santiago I,Hospital Periférico Rafael Castro,12501933
9,DAS Santiago I,Hospital Presidente Estrella Ureña IDSS,12501934
9,DAS Santiago I,La Lomota,12501935
9,DAS Santiago I,Medica,12501936
9,DAS Santiago I,Ranchito Jacagua,12501937
9,DAS Santiago I,Unev,12501938
9,DAS Santiago I,UNIVANO,12501939
9,DAS Santiago I,Vacunet,12501940
10,DAS Santiago II,CPN Bejucal,12503101
10,DAS Santiago II,CPN El Caimito,12503102
10,DAS Santiago II,CPN Janey,12503103
10,DAS Santiago II,CPN Juncalito,12503104
10,DAS Santiago II,CPN La Cidra,12503105
10,DAS Santiago II,CPN Pinalito,12503106
10,DAS Santiago II,CPN Los Pilones,12503107
10,DAS Santiago II,Hospital Municipal Janico,12503108
10,DAS Santiago II,Super Kiddos la Yapur,125011061
11,DAS Santiago III,CPN Las Palomas,12504111
11,DAS Santiago III,Hospital Municipal Licey,12504112
10,DAS Santiago II,CPN El Rubio,12505101
10,DAS Santiago II,CPN Inoa,12505102
10,DAS Santiago II,CPN La Cuesta,12505103
10,DAS Santiago II,CPN Los Montones,12505104
10,DAS Santiago II,CPN Manaclas,12505105
10,DAS Santiago II,CPN Pedregal,12505106
10,DAS Santiago II,CPN Placetas,12505107
10,DAS Santiago II,CPN Rincón Piedra,12505108
10,DAS Santiago II,Hospital Municipal SAJOMA,12505109
11,DAS Santiago III,CPN Canca Piedra,12506111
11,DAS Santiago III,CPN SEBORUCO,12506112
11,DAS Santiago III,CPN ARROYO DEL TORO,12506113
11,DAS Santiago III,Hospital Municipal Tamboril,12506114
11,DAS Santiago III,Clínica  Privada Acero Estrella,12508111
11,DAS Santiago III,CPN Colorado,12508112
11,DAS Santiago III,CPN El Guano,12508113
11,DAS Santiago III,CPN Estancia Nueva,12508114
11,DAS Santiago III,CPN Guayabal,12508115
11,DAS Santiago III,CPN los Ciruelos,12508116
11,DAS Santiago III,CPN Matanza,12508117
11,DAS Santiago III,CPN Palo Amarillo,12508118
11,DAS Santiago III,CPN Puñal Adentro,12508119
10,DAS Santiago II,Hospital Municipal Sabana Iglesia,12509101
25,La Vega,CEVIMEP,21301251
25,La Vega,Clínica La Concepción,21301252
25,La Vega,CPN  Don Bosco,21301253
25,La Vega,CPN  Don Fausto,21301254
25,La Vega,CPN  El Higüero,21301255
25,La Vega,CPN  Guarey,21301256
25,La Vega,CPN  La Llanada,21301257
25,La Vega,CPN  Licey,21301258
25,La Vega,CPN  Pontón,21301259
25,La Vega,CPN  Arroyo Arriba,21302251
25,La Vega,CPN  El Cercado,21302252
25,La Vega,CPN  La Culata,21302253
25,La Vega,CPN Colonia Japonesa,21302254
25,La Vega,CPN Descubierta,21302255
25,La Vega,CPN El Rio,21302256
25,La Vega,CPN La Sabina,21302257
25,La Vega,CPN Las Palmas LV,21302258
25,La Vega,CPN Los Corralitos,21302259
25,La Vega,CPN  Jumunucu,21303251
25,La Vega,CPN  Paso Bajito,21303252
25,La Vega,CPN Buena Vista,21303253
25,La Vega,CPN El Balcón,21303254
25,La Vega,CPN Hatillo LV,21303255
25,La Vega,CPN Los Dajaos,21303256
25,La Vega,CPN Manabao,21303257
25,La Vega,CPN Obra Social Salesiana -Jarabacoa,21303258
25,La Vega,Hospital Octavia Gautier de Vidal,21303259
38,Sánchez Ramírez,CPN  El Duey,22401381
38,Sánchez Ramírez,CPN  La Altagracia,22401382
38,Sánchez Ramírez,CPN  La Placeta,22401383
38,Sánchez Ramírez,CPN  Las Caobas,22401384
38,Sánchez Ramírez,CPN  Zambrana,22401385
38,Sánchez Ramírez,CPN Asilo de Ancianos,22401386
38,Sánchez Ramírez,CPN Barraquitos,22401387
38,Sánchez Ramírez,CPN Caballero,22401388
38,Sánchez Ramírez,CPN Castillo,22401389
38,Sánchez Ramírez,CPN  La Cueva,22402381
38,Sánchez Ramírez,CPN Arenoso SR,22402382
38,Sánchez Ramírez,CPN Batero,22402383
38,Sánchez Ramírez,Hospital Municipal Cevicos,22402384
38,Sánchez Ramírez,Centro Diagnostico Fantino,22403381
38,Sánchez Ramírez,CPN  La Altagracia Fantino,22403382
38,Sánchez Ramírez,CPN Comedero Abajo,22403383
38,Sánchez Ramírez,CPN El Baquetazo,22403384
38,Sánchez Ramírez,CPN El Limoncito(Bacumi),22403385
38,Sánchez Ramírez,CPN Piña Vieja,22403386
38,Sánchez Ramírez,CPN Sierra Prieta,22403387
38,Sánchez Ramírez,Hospital Sigfredo Alba,22403388
38,Sánchez Ramírez,Centro Diagnóstico la mata,22404381
38,Sánchez Ramírez,CPN Barrio Lindo SR,22404382
38,Sánchez Ramírez,CPN El Pescozón,22404383
38,Sánchez Ramírez,CPN Hernando Alonzo,22404384
38,Sánchez Ramírez,CPN La Bija,22404385
38,Sánchez Ramírez,CPN La Cruz De Angelina,22404386
38,Sánchez Ramírez,CPN La Mata,22404387
38,Sánchez Ramírez,CPN La Soledad,22404388
38,Sánchez Ramírez,CPN Las Canas,22404389
27,Monseñor Nouel,Clínica privada  Bonao POLIBON,22801271
27,Monseñor Nouel,Clínica privada Carolina de Jesús,22801272
27,Monseñor Nouel,Clínica privada Instituto Especialidades Medicas  Monseñor Nouel,22801273
27,Monseñor Nouel,Clínica privada San Antonio de Padua,22801274
27,Monseñor Nouel,CPN  Ntra. Sra. Guadalupe,22801275
27,Monseñor Nouel,CPN Ntra. Sra. de Fátima,22801276
27,Monseñor Nouel,Hospital Dr. Pedro A Columna,22801277
27,Monseñor Nouel,Hospital provincial Nuevo  Pedro E. Marchena,22801278
27,Monseñor Nouel,UNAPS  El 8,22801279
27,Monseñor Nouel,Hospital Municipal De Maimón,22802271
27,Monseñor Nouel,UNAPS  Los Martínez,22802272
27,Monseñor Nouel,Hospital M. Piedra Blanca,22803271
27,Monseñor Nouel,UNAPS  Sonador,22803272
27,Monseñor Nouel,UNAPS Juan Adrián,22803273
27,Monseñor Nouel,UNAPS Rincón de Yuboa,22803274
27,Monseñor Nouel,UNAPS V Centenario,22803275
16,Duarte,Centro Médico Siglo 21,30601161
16,Duarte,CPN   La Joya,30601162
16,Duarte,CPN  El Caimito,30601163
16,Duarte,CPN  Gregorio Luperon,30601164
16,Duarte,CPN  La Rosa de Cenovi,30601165
16,Duarte,CPN  Los Espinolas,30601166
16,Duarte,CPN  Naranjo Dulce,30601167
16,Duarte,CPN 27 de febrero,30601168
16,Duarte,CPN Aguayo,30601169
16,Duarte,CPN  El Aguacate,30602161
16,Duarte,CPN Arenoso,30602162
16,Duarte,CPN Las Carreras,30602163
16,Duarte,CPN Las Coles,30602164
16,Duarte,Hosp. Municipal Arenoso,30602165
16,Duarte,CPN-RINCON HONDO ,30603161
16,Duarte,Hosp. Municipal Castillo,30603162
16,Duarte,CPN Los Limones,30604161
16,Duarte,Hosp. Felipe J. Achecar,30604162
16,Duarte,CPN   Guaraguao,30605161
16,Duarte,CPN  Barraquito,30605162
16,Duarte,CPN Ceiba de los Pajaros,30605163
16,Duarte,CPN La Reforma,30605164
16,Duarte,CPN Las Taranas,30605165
16,Duarte,Hosp.Alicia de Legender,30605166
16,Duarte,CPN Las Guaranas,30606161
16,Duarte,Hosp. Estanailda Brito,30606162
16,Duarte,CPN  Hostos,30607161
16,Duarte,CPN  La Isleta de Cerrejon,30607162
16,Duarte,CPN Sabana Grande Hostos,30607163
26,María Trinidad Sánchez,Hospital Dr. Antonio Yapor Heded,31401261
26,María Trinidad Sánchez,Hospital Luis Ramón Bonilla,31401262
26,María Trinidad Sánchez,UNAPS  El Yayal,31401263
26,María Trinidad Sánchez,UNAPS  Las Gordas,31401264
26,María Trinidad Sánchez,UNAPS  Mata Bonita,31401265
26,María Trinidad Sánchez,UNAPS Arroyo Al medio,31401266
26,María Trinidad Sánchez,UNAPS Los Yayales,31401267
26,María Trinidad Sánchez,UNAPS Matancitas,31401268
26,María Trinidad Sánchez,Hospital Virgilio García,31402261
26,María Trinidad Sánchez,UNAPS Abreu,31402262
26,María Trinidad Sánchez,UNAPS Baoba del Piñal,31402263
26,María Trinidad Sánchez,UNAPS Payita,31402264
26,María Trinidad Sánchez,UNAPS San Rafael,31402265
26,María Trinidad Sánchez,Hospital M. El Factor,31403261
26,María Trinidad Sánchez,UNAPS  La Factoría,31403262
26,María Trinidad Sánchez,UNAPS  Los Limones,31403263
26,María Trinidad Sánchez,UNAPS El Papayo,31403264
26,María Trinidad Sánchez,Hospital Desiderio Acosta,31404261
21,Hermanas Mirabal,CEVIMET,31901211
21,Hermanas Mirabal,CPN Centro Comunal Conuco,31901212
21,Hermanas Mirabal,Hospital Dr Roman Brache (IDSS),31901213
21,Hermanas Mirabal,Hospital Dr.Pascacio Toribio Piantini,31901214
21,Hermanas Mirabal,UNAP Alto Alegre,31901215
21,Hermanas Mirabal,UNAPS  Monte Llano,31901216
21,Hermanas Mirabal,UNAPS  Ojo de Agua,31901217
21,Hermanas Mirabal,UNAPS Ana Mercedes Rodriguez,31901218
21,Hermanas Mirabal,UNAPS Dr. Francisco Mena Pantaleon,31901219
21,Hermanas Mirabal,Hospital Angel Concepcion,31902211
21,Hermanas Mirabal,UNAPS  Blanco Arriba,31902212
21,Hermanas Mirabal,UNAPS  Los Cacaos,31902213
21,Hermanas Mirabal,UNAPS Castillo Vargas,31902214
21,Hermanas Mirabal,UNAPS El Corozal,31902215
21,Hermanas Mirabal,UNAPS Eulalia Peña,31902216
21,Hermanas Mirabal,UNAPS La Guama HM,31902217
21,Hermanas Mirabal,UNAPS La Jibara,31902218
21,Hermanas Mirabal,Hospital Munic. Villa Tapia,31903211
21,Hermanas Mirabal,UNAPS  San Jose de Conuco,31903212
21,Hermanas Mirabal,UNAPS El Coco,31903213
21,Hermanas Mirabal,UNAPS El Hato Palmar,31903214
21,Hermanas Mirabal,UNAPS El Tablon,31903215
21,Hermanas Mirabal,UNAPS Las Aromas,31903216
21,Hermanas Mirabal,UNAPS Los Limones,31903217
21,Hermanas Mirabal,UNAPS Santa Ana HM,31903218
21,Hermanas Mirabal,UNAPS Urbana Nueva Villa Tapia,31903219
33,Samaná,Hospital Natividad Alcala,32001331
33,Samaná,Hospital Prov. Dr. Leopoldo Pou,32001332
33,Samaná,UNAPS Arroyo Barril,32001333
33,Samaná,UNAPS Daniel Wilmore,32001334
33,Samaná,UNAPS El Rincón,32001335
33,Samaná,UNAPS El Valle,32001336
33,Samaná,UNAPS Honduras,32001337
33,Samaná,UNAPS Juana Vicenta,32001338
33,Samaná,UNAPS Las Galeras,32001339
33,Samaná,Hospital M. Alberto Gotreaux,32002331
33,Samaná,UNAPS Batey Hormiga,32002332
33,Samaná,UNAPS El Catey,32002333
33,Samaná,UNAPS Garita,32002334
33,Samaná,UNAPS La Majagua,32002335
33,Samaná,UNAPS Lometa,32002336
33,Samaná,Hospital Munic. Lic. Pablo Paulino,32003331
33,Samaná,UNAPS Los Puentes,32003332
33,Samaná,Urbana Las terrenas ,32003333
15,Dajabon,Hospital Provincial Ramón Matías Mella,40501151
15,Dajabon,UNAPS  Barrio Norte,40501152
15,Dajabon,UNAPS  Cañongo,40501153
15,Dajabon,UNAPS  Plaza Beller,40501154
15,Dajabon,UNAPS  Valentín Salinero,40501155
15,Dajabon,UNAPS La Curva,40501156
15,Dajabon,UNAPS La Fe,40501157
15,Dajabon,UNAPS La Manisera,40501158
15,Dajabon,UNAPS La Vigía,40501159
15,Dajabon,Hospital Municipal Ramón A. Villalona,40502151
15,Dajabon,UNAPS  Capotillo,40502152
15,Dajabon,UNAPS El Aguacate,40502153
15,Dajabon,UNAPS Hipólito Billini,40502154
15,Dajabon,UNAPS Luperón,40502155
15,Dajabon,UNAPS Rivera del Masacre,40502156
15,Dajabon,UNAPS Santiago de la Cruz,40502157
15,Dajabon,Hospital Municipal De Partido,40503151
15,Dajabon,UNAPS  La Gorra,40503152
15,Dajabon,UNAPS Chacuey,40503153
15,Dajabon,UNAPS Partido,40503154
15,Dajabon,UNAPS Vaca Gorda,40503155
15,Dajabon,Hospital Municipal Restauración,40504151
15,Dajabon,UNAPS  Restauración,40504152
15,Dajabon,UNAPS  Trinitaria,40504153
15,Dajabon,UNAPS Guayajayuco,40504154
15,Dajabon,UNAPS Las Rosas,40504155
15,Dajabon,UNAPS Los Cerezos,40504156
15,Dajabon,UNAPS Mariano Cestero,40504157
15,Dajabon,UNAPS Rio Limpio,40504158
15,Dajabon,UNAPS El  Pino,40505151
15,Dajabon,UNAPS Manuel Bueno,40505152
28,Monte Cristi,Hospital Padre Fantino,41501281
28,Monte Cristi,UNAP ALBIMAR,41501282
28,Monte Cristi,UNAPS Batey Madre,41501283
28,Monte Cristi,UNAPS Hermanas Mirabal,41501284
28,Monte Cristi,UNAPS Las Flores,41501285
28,Monte Cristi,UNAPS Los Conucos M. C.,41501286
28,Monte Cristi,UNAPS Los Maestros,41501287
28,Monte Cristi,UNAPS Santa Bárbara,41501288
28,Monte Cristi,Hospital Municipal de Castañuelas,41502281
28,Monte Cristi,UNAPS  La Capitalita,41502282
28,Monte Cristi,UNAPS  Loma de Castañuelas,41502283
28,Monte Cristi,UNAPS  Vigiador,41502284
28,Monte Cristi,UNAPS Ahogado,41502285
28,Monte Cristi,UNAPS Los Bomberos de Cast.,41502286
28,Monte Cristi,Hospital Municipal de Guayubin,41503281
28,Monte Cristi,UNAPS  Cana Chapetón,41503282
28,Monte Cristi,UNAPS  Villa Elisa,41503283
28,Monte Cristi,UNAPS Cerro Gordo,41503284
28,Monte Cristi,UNAPS Copey,41503285
28,Monte Cristi,UNAPS Doña Antonia,41503286
28,Monte Cristi,UNAPS El Posito,41503287
28,Monte Cristi,UNAPS Hatillo Palma,41503288
28,Monte Cristi,UNAPS Martín García,41503289
28,Monte Cristi,Hospital Municipal de las Matas,41504281
28,Monte Cristi,UNAPS Bohío Viejo,41504282
28,Monte Cristi,UNAPS Las Matas de Santa Cruz,41504283
28,Monte Cristi,UNAPS Santa Cruz,41504284
28,Monte Cristi,Hospital Municipal de Pepillo Salcedo,41505281
28,Monte Cristi,UNAPS  Santa María,41505282
28,Monte Cristi,UNAPS Alto de la Paloma,41505283
28,Monte Cristi,UNAPS Carbonera,41505284
28,Monte Cristi,UNAPS Copey de Pepillo Salcedo,41505285
28,Monte Cristi,UNAPS Los Barrancones,41505286
28,Monte Cristi,Hospital Municipal de Villa Vásquez,41506281
28,Monte Cristi,UNAP EL CENTRO,41506282
28,Monte Cristi,UNAPS  La Gallera,41506283
28,Monte Cristi,UNAPS Barrio Sur MC,41506284
28,Monte Cristi,UNAPS La Esperanza,41506285
28,Monte Cristi,UNAPS Los Conucos V. V.,41506286
39,Santiago Rodríguez,Clínica privada Gran Poder de Dios,42601391
39,Santiago Rodríguez,Hospital General Santiago Rodríguez,42601392
39,Santiago Rodríguez,UNAPS  Agua Clara,42601393
39,Santiago Rodríguez,UNAPS  El Vallecito,42601394
39,Santiago Rodríguez,UNAPS  Las Flores SR,42601395
39,Santiago Rodríguez,UNAPS  Mejoramiento Social,42601396
39,Santiago Rodríguez,UNAPS  San José,42601397
39,Santiago Rodríguez,UNAPS Arroyo blanco,42601398
39,Santiago Rodríguez,UNAPS Cambelen,42601399
39,Santiago Rodríguez,Hospital Municipal Los Almácigos,42602391
39,Santiago Rodríguez,UNAPS  Ceiba De Bonet,42602392
39,Santiago Rodríguez,UNAPS  El Naranjito,42602393
39,Santiago Rodríguez,UNAPS  Enriquillo,42602394
39,Santiago Rodríguez,UNAPS Agricultura,42602395
39,Santiago Rodríguez,UNAPS Baldemiro Carrera,42602396
39,Santiago Rodríguez,UNAPS La Piña,42602397
39,Santiago Rodríguez,Hospital Municipal Mención,42603391
39,Santiago Rodríguez,UNAPS  Jicomé,42603392
39,Santiago Rodríguez,UNAPS Asiento Frio,42603393
39,Santiago Rodríguez,UNAPS Cepillo,42603394
39,Santiago Rodríguez,UNAPS La  Meseta,42603395
39,Santiago Rodríguez,UNAPS Mamoncito,42603396
40,Valverde,CPN  M. El Curno,42701401
40,Valverde,Dispensario Medico Potrero,42701402
40,Valverde,Hospital Ing. Luis L. Bogaert,42701403
40,Valverde,Hospital José Francisco Peña Gómez-IDSS,42701404
40,Valverde,UNAP Barrio Aquino,42701405
40,Valverde,Unap Don bosco,42701406
40,Valverde,Unap Hatico,42701407
40,Valverde,UNAPS  Amina,42701408
40,Valverde,UNAPS  Entrada Mao,42701409
40,Valverde,Hospital Municipal de Esperanza,42702401
40,Valverde,UNAPS  Damajagua,42702402
40,Valverde,UNAPS  Jicome,42702403
40,Valverde,UNAPS  Maizal,42702404
40,Valverde,UNAPS  Paradero,42702405
40,Valverde,UNAPS Barrio Norte,42702406
40,Valverde,UNAPS Barrio Sur,42702407
40,Valverde,UNAPS Bejucal,42702408
40,Valverde,UNAPS Boca de Mao 1,42702409
40,Valverde,Hospital Municipal Julio Moronta-Laguna Salada,42703401
40,Valverde,UNAPS  Cruce de Guayacanes,42703402
40,Valverde,UNAPS  La Caya,42703403
40,Valverde,UNAPS  Laguna Salada Centro,42703404
40,Valverde,UNAPS Barrio lindo,42703405
40,Valverde,UNAPS Guayacanes Adentro,42703406
40,Valverde,UNAPS Jaibón,42703407
40,Valverde,UNAPS Los Pérez,42703408
40,Valverde,UNAPS Puerto Rico,42703409
12,Azua,Hospital Regional Taiwán 19 de Marzo,50201121
12,Azua,Instituto Cristiano de Atención a la familia,50201122
12,Azua,UNAP La Bombita 1,50201123
12,Azua,UNAP La Bombita 2,50201124
12,Azua,UNAP La Bombita 3,50201125
12,Azua,UNAP La Bombita 4,50201126
12,Azua,UNAP La Bombita 5,50201127
12,Azua,UNAP La Bombita 6,50201128
12,Azua,UNAP La Bombita 7,50201129
12,Azua,UNAPS Hatillo,50202121
12,Azua,UNAPS Las Charcas,50202122
12,Azua,UNAPS Palmar de Ocoa,50202123
12,Azua,UNAPS  Las Yayas -1,50203121
12,Azua,UNAPS  Las Yayas-2,50203122
12,Azua,UNAPS Hato Nuevo,50203123
12,Azua,UNAPS Maqueyal,50203124
12,Azua,UNAPS Viajama,50203125
12,Azua,UNAPS Villarpando,50203126
12,Azua,Hospital  M. Ntra. Sra. Del Carmen,50204121
12,Azua,UNAPS La Siembra,50204122
12,Azua,UNAPS Las Cañitas A,50204123
12,Azua,UNAPS Las Lagunas AZ,50204124
12,Azua,UNAPS Los Fríos,50204125
12,Azua,UNAPS Monte Bonito,50204126
12,Azua,UNAPS Santa Ana,50204127
12,Azua,UNAPS Villa Ocoa,50204128
12,Azua,Hospital  Municipal Peralta,50205121
12,Azua,UNAPS  El Higüero,50205122
12,Azua,UNAPS - Majagual,50205123
12,Azua,UNAPS El Carrizal,50205124
12,Azua,UNAPs Jobos -1,50205125
12,Azua,UNAPS Los Jobos-2,50205126
12,Azua,PROYECTO 2- C,50206121
12,Azua,UNAP Ganadero,50206122
12,Azua,UNAPS  Proyecto 4,50206123
12,Azua,UNAPS  San Francisco AZ,50206124
12,Azua,UNAPS Sabana yegua,50206125
12,Azua,UNAPS  El Rosario AZ,50207121
12,Azua,UNAPS Pueblo Viejo,50207122
12,Azua,UNAPS  Los Toros,50208121
12,Azua,UNAPS Amiama Gómez,50208122
12,Azua,UNAPS Sajanoa,50208123
12,Azua,UNAPS Tabara Abajo,50208124
12,Azua,UNAPS Tabara Arriba,50208125
12,Azua,Hospital Municipal Guayabal,50209121
12,Azua,UNAPS Guayabal,50209122
12,Azua,Clínica  Rural Arroyo Colorado,50210121
12,Azua,UNAPS Estebanía,50210122
31,Peravia,Clínica Grupo Médico Baní,51701311
31,Peravia,Clínica privada  Dr. Aguasvivas,51701312
31,Peravia,Clínica privada  IRMIE,51701313
31,Peravia,CPN  Boca Canasta,51701314
31,Peravia,CPN  Cañafistol,51701315
31,Peravia,CPN  El Carretón,51701316
31,Peravia,CPN  El Llano,51701317
31,Peravia,CPN  Escondido,51701318
31,Peravia,CPN  La  Saona II,51701319
31,Peravia,CPN Pizarrete,51702311
31,Peravia,CPN Rosa Herminia Martínez (Santana),51702312
31,Peravia,Hosp. Municipal Nizao,51702313
31,Peravia,INMUSAN,51701320
34,San Cristobal,Clínica Privada González Binet,52101341
34,San Cristobal,CPN   Hato Damas (Hermana Mirabal),52101342
34,San Cristobal,CPN  Club Rotario ( Rafael gallardo),52101343
34,San Cristobal,CPN  El Ramón (Marcelina Peña),52101344
34,San Cristobal,CPN 5 de Abril,52101345
34,San Cristobal,CPN Bendaño,52101346
34,San Cristobal,CPN Calle Bonita,52101347
34,San Cristobal,CPN Cambita Sterling,52101348
34,San Cristobal,CPN Canastica,52101349
34,San Cristobal,CPN Juan Barón,52102341
34,San Cristobal,CPN Liciolo Báez,52102342
34,San Cristobal,Cpn Los Parceleros,52102343
34,San Cristobal,Hospital  Municipal Tomasina Valdez,52102344
34,San Cristobal,Clínica Privada Centro Medico Haina,52103341
34,San Cristobal,CPN  San José,52103342
34,San Cristobal,CPN Camboya,52103343
34,San Cristobal,CPN El Cajuilito,52103344
34,San Cristobal,CPN El Carril,52103345
34,San Cristobal,"CPN Gerónimo Pinales, Km 18",52103346
34,San Cristobal,CPN La Pared,52103347
34,San Cristobal,CPN Mama Tingo (Florinda Soriano),52103348
34,San Cristobal,"CPN Norman Ruiz, Gringo",52103349
34,San Cristobal,CPN   Mucha Agua,52104341
34,San Cristobal,CPN  Cambita Cruce,52104342
34,San Cristobal,CPN  Los Toros,52104343
34,San Cristobal,CPN La Colonia (Estervina Rodriguez),52104344
34,San Cristobal,Hospital Municipal Cambita Garabito,52104345
34,San Cristobal,Hospital Municipal Cambita Pueblo,52104346
34,San Cristobal,CPN  Basima,52105341
34,San Cristobal,CPN  El Maizal,52105342
34,San Cristobal,CPN  La Represa,52105343
34,San Cristobal,CPN  Medina,52105344
34,San Cristobal,CPN  Pino Herrado,52105345
34,San Cristobal,CPN Bario Duarte,52105346
34,San Cristobal,CPN Batey km.59,52105347
34,San Cristobal,CPN Caobal,52105348
34,San Cristobal,CPN Catarey,52105349
34,San Cristobal,CPN Arroyo Mamey,52106341
34,San Cristobal,CPN Boca De Mana (Sixto Ramirez),52106342
34,San Cristobal,CPN Dona Aña,52106343
34,San Cristobal,CPN Duveaux (Mercedita Vizcaino),52106344
34,San Cristobal,CPN Mana,52106345
34,San Cristobal,CPN Pajarito,52106346
34,San Cristobal,CPN Ramona Santana,52106347
34,San Cristobal,CPN Semana Santa,52106348
34,San Cristobal,Hospital  Municipal Yaguate,52106349
34,San Cristobal,CPN Corazón de Jesús Los Botaos,52107341
34,San Cristobal,CPN La Canela SC,52107342
34,San Cristobal,CPN La Plena (Anibal Reyes),52107343
34,San Cristobal,CPN Malpaez,52107344
34,San Cristobal,CPN Mira Cielo,52107345
34,San Cristobal,CPN San Antonio  (Petronila Perez),52107346
34,San Cristobal,Hospital Municipal María Paniagua,52107347
34,San Cristobal,CPN  Los Cacaos (Reyita Emilia De Sanchez),52108341
35,San José de Ocoa,Hospital San José,53101351
35,San José de Ocoa,UNAP El Cercado,53101352
35,San José de Ocoa,UNAP El Naranjal,53101353
35,San José de Ocoa,UNAP El Pinar,53101354
35,San José de Ocoa,UNAP La Ciénaga,53101355
35,San José de Ocoa,UNAP Las Auyamas,53101356
35,San José de Ocoa,UNAP Las Flores,53101357
35,San José de Ocoa,UNAP Los Anones,53101358
35,San José de Ocoa,UNAP Los Corozos,53101359
35,San José de Ocoa,UNAP La Horma,53102351
35,San José de Ocoa,UNAP Sabana Larga Abajo,53102352
35,San José de Ocoa,UNAP Sabana Larga Centro,53102353
35,San José de Ocoa,UNAPS El Limonal,53102354
35,San José de Ocoa,Hospital Rancho Arriba,53103351
35,San José de Ocoa,UNAP Arroyo Cañas,53103352
35,San José de Ocoa,UNAP Banilejos,53103353
35,San José de Ocoa,UNAP Mahoma,53103354
35,San José de Ocoa,UNAP Monte Negro,53103355
35,San José de Ocoa,CPN LOS MARTÍNEZ ,53101360
13,Bahoruco,Hospital San Bartolomé,60301131
13,Bahoruco,UNAPS   R. El palmar,60301132
13,Bahoruco,UNAPS  Apolinar Perdomo,60301133
13,Bahoruco,Hospital Municipal Galván,60302131
13,Bahoruco,UNAPS  El Salado,60302132
13,Bahoruco,Hospital Municipal  Julia Santana,60303131
13,Bahoruco,UNAPS  Cabeza Toro,60303132
13,Bahoruco,UNAPS Guarocuya-Batey 6,60303133
13,Bahoruco,UNAPS Mena Abajo,60303134
13,Bahoruco,UNAPS Rural Altamira,60303135
13,Bahoruco,UNAPS Uvilla,60303136
13,Bahoruco,Hospital Munic. Dr. Alfredo González,60304131
13,Bahoruco,Hospital Municipal Los Ríos,60305131
13,Bahoruco,UNAPS  Las Clavellinas,60305132
14,Barahona,Hospital Provincial Jaime Sánchez,60401141
14,Barahona,Hospital Regional Jaime Mota,60401142
14,Barahona,UNAPS  La Guazara,60401143
14,Barahona,UNAPS 30  de mayo,60401144
14,Barahona,UNAPS Alto Velo,60401145
14,Barahona,UNAPS Baitoita,60401146
14,Barahona,UNAPS Cachón,60401147
14,Barahona,UNAPS Casandra,60401148
14,Barahona,UNAPS invicea,60401149
14,Barahona,Hospital Municipal Cabral,60402141
14,Barahona,UNAPS La Lista,60402142
14,Barahona,UNAPS la peñuela,60402143
14,Barahona,Hospital Municipal  Enriquillo,60403141
14,Barahona,UNAPS  Rural Arroyo Dulce,60403142
14,Barahona,UNAPS los blancos no funciona,60403143
14,Barahona,UNAPS los coco no funciona,60403144
14,Barahona,UNAPS  Paraiso,60404141
14,Barahona,UNAPS Los Patos,60404142
14,Barahona,Hospital Municipal Vicente Noble,60405141
14,Barahona,UNAPS  Fondo Negro,60405142
14,Barahona,UNAPS  Quita Coraza,60405143
14,Barahona,UNAPS  Rural de Canoa,60405144
14,Barahona,UNAPS Copa Bombita,60405145
14,Barahona,UNAPS  Peñón,60406141
14,Barahona,UNAPS La Ciénega,60407141
14,Barahona,UNAPS Pescadería,60408141
14,Barahona,UNAPS  Los Saladillos,60409141
14,Barahona,UNAPS  Salina,60409142
14,Barahona,Hospital Municipal de Polo,60410141
14,Barahona,UNAPS La Lanza,60410142
14,Barahona,UNAPS Las Auyamas,60410143
14,Barahona,UNAPS  Jaquimeyes,60411141
22,Independencia,Centro Diagnostico Jimaní,61001221
22,Independencia,CPN  Boca de Cachón,61001222
22,Independencia,CPN  El Limón,61001223
22,Independencia,CPN Jimani Centro,61001224
22,Independencia,CPN Jimani Viejo,61001225
22,Independencia,CPN Tierra Nueva,61001226
22,Independencia,Hospital provincial Gral. Melenciano,61001227
22,Independencia,CPN  Puesto Escondido,61002221
22,Independencia,CPN Las Baitoas,61002222
22,Independencia,CPN las Mercedes,61002223
22,Independencia,CPN Placer Bonito,61002224
22,Independencia,CPN San Isidro,61002225
22,Independencia,CPN San Jose,61002226
22,Independencia,CPN Vengan a Ver,61002227
22,Independencia,Hospital Municipal Dr. José Pérez,61002228
22,Independencia,CPN Bartolome,61003221
22,Independencia,CPN la Descubierta,61003222
22,Independencia,CPN Los Pinos del Edén,61003223
22,Independencia,Hospital Municipal La Descubierta,61003224
22,Independencia,CPN El Guayabal,61004221
22,Independencia,CPN Los Bolos,61004222
22,Independencia,CPN Postrer Río,61004223
22,Independencia,CPN BATEY-8,61005221
22,Independencia,CPN CRISTOBAL,61005222
22,Independencia,CPN  Angostura,61006221
22,Independencia,CPN Colonia Mixta,61006222
22,Independencia,CPN Mella,61006223
30,Pedernales,Hospital Elio Fiallo,61601301
30,Pedernales,UNAPS 5 y 6 (CPN),61601302
30,Pedernales,UNAPS Mencía,61601303
30,Pedernales,"UNAPS 7,8  Oviedo (CPN)",61602301
30,Pedernales,UNAPS 9,61602302
17,Elias Piña,Hospital Rosa Duarte,70701171
17,Elias Piña,UNAPS  Macasía,70701172
17,Elias Piña,UNAPS  Pinzon,70701173
17,Elias Piña,UNAPS Guayabo,70701174
17,Elias Piña,UNAPS Hato Viejo EP,70701175
17,Elias Piña,UNAPS La Gallera,70701176
17,Elias Piña,UNAPS Las Delicias,70701177
17,Elias Piña,UNAPS Potrozo,70701178
17,Elias Piña,UNAPS Rinconcito,70701179
17,Elias Piña,Hospital Bánica,70702171
17,Elias Piña,UNAPS  Higuierito,70702172
17,Elias Piña,UNAPS de Sabana Mula,70702173
17,Elias Piña,UNAPS Sabana Cruz,70702174
17,Elias Piña,UNAPS El Llano,70703171
17,Elias Piña,UNAPS Guanito,70703172
17,Elias Piña,UNAPS Rosa La Piedra,70703173
17,Elias Piña,Hospital Hondo Valle,70704171
17,Elias Piña,UNAPS Rancho La Guardia,70704172
17,Elias Piña,UNAPS Las Palmas,70705171
17,Elias Piña,UNAPS Pedro Santana,70705172
17,Elias Piña,UNAPS Juan Santiago,70706171
36,San Juan,CPN  Parroquial.S.J Bautista,72201361
36,San Juan,CPN Villa Liberación SJ,72201362
36,San Juan,UNAPS   Charcas de Maria Nova,72201363
36,San Juan,UNAPS  Barranca,72201364
36,San Juan,UNAPS  Cardon,72201365
36,San Juan,UNAPS  Corbano Sur I,72201366
36,San Juan,UNAPS  Corbano Sur II,72201367
36,San Juan,UNAPS  Corbano Sur III,72201368
36,San Juan,UNAPS  El Batey,72201369
36,San Juan,Hospital Municipal Vallejuelo,72202361
36,San Juan,UNAPS  El Coco,72202362
36,San Juan,UNAPS  Los Montacitos,72202363
36,San Juan,UNAPS Arroyo Cano,72202364
36,San Juan,UNAPS La Guama,72202365
36,San Juan,Hospital Municipal El Cercado,72203361
36,San Juan,UNAPS  Bohechio,72203362
36,San Juan,UNAPS  Derrumbadero,72203363
36,San Juan,UNAPS Batista,72203364
36,San Juan,UNAPS La Colonia,72203365
36,San Juan,UNAPS La Navaja,72203366
36,San Juan,UNAPS La Rancha,72203367
36,San Juan,UNAPS Vallecito,72203368
36,San Juan,Hospital Dr. Alejandro Cabral,72204361
36,San Juan,UNAPS  Jinova,72204362
36,San Juan,CPN Matayaya,72205361
36,San Juan,Hospital  Dr. Federico Armando Aybar,72205362
36,San Juan,UNAPS  La Estancia,72205363
36,San Juan,UNAPS  Los Copeyes,72205364
36,San Juan,UNAPS  Los Gringos,72205365
36,San Juan,UNAPS  Los Jobos,72205366
36,San Juan,UNAPS  Villa Esperanza,72205367
36,San Juan,UNAPS  Yabonico,72205368
36,San Juan,UNAPS Carrera de Yegua,72205369
36,San Juan,UNAPS  Capulin,72206361
36,San Juan,UNAPS  Jorgillo,72206362
36,San Juan,UNAPS  Juan de Herrera,72206363
36,San Juan,UNAPS  Vallejuelo,72206364
18,El Seibo,Hospital Dr. Teófilo Hernández,80801181
18,El Seibo,UNAPS Arroyo Grande,80801182
18,El Seibo,UNAPS Cañada de Agua,80801183
18,El Seibo,UNAPS El Cercado,80801184
18,El Seibo,UNAPS El Cerrito,80801185
18,El Seibo,UNAPS El Cuey,80801186
18,El Seibo,UNAPS El Guaral,80801187
18,El Seibo,UNAPS El Pintado,80801188
18,El Seibo,UNAPS Ginandiana,80801189
18,El Seibo,Hospital Municipal de Miches,80802181
18,El Seibo,UNAPS El Cedro,80802182
18,El Seibo,UNAPS La Gina,80802183
18,El Seibo,UNAPS La Mina SEIBO,80802184
18,El Seibo,UNAPS Los Franceses,80802185
18,El Seibo,UNAPS Sabana de Nisibón,80802186
23,La Altagracia,Centro De Diagnóstico Anamuya,81101231
23,La Altagracia,CPN Oscar de renta,81101232
23,La Altagracia,HGENSA,81101233
23,La Altagracia,Hospital M. Las Lagunas de Nisibon,81101234
23,La Altagracia,Hospital Prov. Ntra. Sra. de la Altagracia,81101235
23,La Altagracia,UNAPS   Los Ríos Anamuya,81101236
23,La Altagracia,UNAPS  Friusa,81101237
23,La Altagracia,UNAPS  Los Cerritos,81101238
23,La Altagracia,UNAPS  Los Platanitos,81101239
23,La Altagracia,Hospital M. Dra. Evangelina Rodriguez,81102231
23,La Altagracia,UNAPS  Benerito,81102232
23,La Altagracia,UNAPS Magdalena,81102233
23,La Altagracia,UNAPS.  Bayahibe,81102234
23,La Altagracia,UNAPS.  Boca de Yuma,81102235
23,La Altagracia,UNAPS. Boca de Chavón,81102236
23,La Altagracia,Hospital Municipal Veron (HMV),81101240
24,La Romana,Clínica Centro Hogar de Niño,81201241
24,La Romana,Clinica-Hosp.Central Romana,81201242
24,La Romana,CPN CONANI (INAIPI),81201243
24,La Romana,Hospital  General B. Samaritano Villa Verde,81201244
24,La Romana,Hospital Arístides Fiallo Cabral,81201245
24,La Romana,Hospital Dr. Francisco A. Gonzalvo,81201246
24,La Romana,UNAPS Caleta,81201247
24,La Romana,UNAPS Dr. Luis J. Suárez,81201248
24,La Romana,UNAPS Padre CAVALOTO,81201249
24,La Romana,Hospital Municipal de Guaymate,81202241
24,La Romana,UNAPS Higueral,81202242
24,La Romana,CPN Los Mulos,81203241
24,La Romana,CPN PICA PIEDRA,81203242
24,La Romana,UNAP Cucama,81203243
24,La Romana,UNAP Cumayasa,81203244
24,La Romana,Unap Juan Pablo Duarte,81203245
24,La Romana,UNAP Villa Real,81203247
24,La Romana,UNAPS  Kilómetro 10,81203248
24,La Romana,UNAPS  Los Mulos III,81203249
37,San Pedro de Macorís,Clínica del niño/Dosis de Vida,92301371
37,San Pedro de Macorís,Clínica Familiar Dr. Franklin Peña,92301372
37,San Pedro de Macorís,CPN Barrio Lindo SPM,92301373
37,San Pedro de Macorís,CPN Evangelina Rodríguez,92301374
37,San Pedro de Macorís,CPN Porvenir,92301375
37,San Pedro de Macorís,CPN Punta Pescadora,92301376
37,San Pedro de Macorís,Dosis de Vida,92301377
37,San Pedro de Macorís,Hospital Provincial Dr. Jaime Oliver Pino,92301378
37,San Pedro de Macorís,Hospital Regional Dr. Antonio Musa,92301379
37,San Pedro de Macorís,Hospital  MunicIpal Dr. Pedro M. Santana,92302371
37,San Pedro de Macorís,UNAP Batey Guayabal,92302372
37,San Pedro de Macorís,UNAP Batey Paloma,92302373
37,San Pedro de Macorís,UNAP Cruce de Cayacoa,92302374
37,San Pedro de Macorís,UNAP El Puerto,92302375
37,San Pedro de Macorís,UNAP Gautier,92302376
37,San Pedro de Macorís,Hospital Municipal  Dr. Alejo Martínez,92303371
37,San Pedro de Macorís,UNAP Batey Cumayasa,92303372
37,San Pedro de Macorís,UNAP Batey Soco,92303373
37,San Pedro de Macorís,Centro Divina Providencia,92304371
37,San Pedro de Macorís,Hospital Municipal Dr. Ángel Ponce,92304372
37,San Pedro de Macorís,UNAP Batey Margarita,92304373
37,San Pedro de Macorís,UNAP Consuelito,92304374
37,San Pedro de Macorís,UNAP las Paja,92304375
37,San Pedro de Macorís,UNAP  Quisqueya,92305371
37,San Pedro de Macorís,UNAP Guayacanes,92306371
37,San Pedro de Macorís,UNAP Honduras,92306372
37,San Pedro de Macorís,UNAP Juan Dolio,92306373
37,San Pedro de Macorís,UNAP Los Conucos,92306374
29,Monte Plata,Centro Diagnostico  Don Juan,92901291
29,Monte Plata,Centro Diagnostico  Gregorio Luperón,92901292
29,Monte Plata,Centro Diagnostico Monte Plata,92901293
29,Monte Plata,Clínica Materno Infantil Orden de Malta,92901294
29,Monte Plata,CPN  La  Luisa,92901295
29,Monte Plata,CPN Boya,92901296
29,Monte Plata,CPN Chirino,92901297
29,Monte Plata,CPN El Cacique,92901298
29,Monte Plata,CPN El Deán,92901299
29,Monte Plata,CPN Antón Sánchez,92902291
29,Monte Plata,CPN Copey,92902292
29,Monte Plata,CPN Guanito,92902293
29,Monte Plata,CPN Los Javieles,92902294
29,Monte Plata,CPN Los Sosa,92902295
29,Monte Plata,CPN Reforma del Dajao,92902296
29,Monte Plata,CPN Sierra de Agua,92902297
29,Monte Plata,Hosp. Municipal Santo Cristo de los Milagros,92902298
29,Monte Plata,CPN  Los Limones,92903291
29,Monte Plata,CPN Cabeza de Toro,92903292
29,Monte Plata,CPN Gonzalo,92903293
29,Monte Plata,CPN Hato San Pedro,92903294
29,Monte Plata,CPN Juan Sánchez,92903295
29,Monte Plata,CPN Majagual,92903296
29,Monte Plata,CPN Rincón Claro,92903297
29,Monte Plata,Hosp. Municipal  Pedro Heredia Rojas,92903298
29,Monte Plata,CPN Antonci,92904291
29,Monte Plata,CPN Hato Viejo,92904292
29,Monte Plata,CPN La Colorada,92904293
29,Monte Plata,CPN Los Botados,92904294
29,Monte Plata,CPN Peralvillo,92904295
29,Monte Plata,CPN San Antonio,92904296
29,Monte Plata,Hosp. Municipal  Yamasa,92904297
29,Monte Plata,CPN La Cuaba,92905291
29,Monte Plata,CPN La Gina,92905292
29,Monte Plata,CPN La Guazuma,92905293
29,Monte Plata,CPNA 5 CASA,929012914
29,Monte Plata,CPNA LAS FLORES,92902299
29,Monte Plata,CPNA CIERRA DE AGUA,92902300
29,Monte Plata,CPNA CHACARO,92904298
29,Monte Plata,CPNA RIO VERDE,92905294
20,Hato Mayor,Hospital Leopoldo Martínez,93001201
20,Hato Mayor,UNAP Barrio Lindo,93001202
20,Hato Mayor,UNAP El Mamón,93001203
20,Hato Mayor,UNAP Gualey,93001204
20,Hato Mayor,UNAP Guayabo Dulce,93001205
20,Hato Mayor,UNAP Jalonga,93001206
20,Hato Mayor,UNAP Kilómetro 15,93001207
20,Hato Mayor,UNAP La Javilla,93001208
20,Hato Mayor,UNAP La Sierra,93001209
20,Hato Mayor,Hospital Señorita Elupina Cordero,93002201
20,Hato Mayor,UNAP Cañita,93002202
20,Hato Mayor,UNAP Las Yaguitas,93002203
20,Hato Mayor,UNAP Magua,93002204
20,Hato Mayor,Hospital Municipal El Valle,93003201
4,DAS IV,Clinica La Cienaga,100101410
4,DAS IV,Clinica Los Guandules,100101411
4,DAS IV,Clinica Rodriguez Santos,100101412
4,DAS IV,Clinica Urbana Yolanda Guzman,100101413
4,DAS IV,Club De Madres La Zurza,100101414
4,DAS IV,Club Rafael L. Solano,100101415
4,DAS IV,COIN,100101416
4,DAS IV,Cons. Med. San Pedro Apostol,100101417
4,DAS IV,Cons. Parroq. San Gabriel Alcangel,100101418
4,DAS IV,Consultorio Med. Guachupita,100101419
4,DAS IV,CTU,100101420
4,DAS IV,Cuidad Sanitaria,100101421
4,DAS IV,Disp. Med. Don. Esmeraldo Diaz,100101422
4,DAS IV,Dispensario Med. Ascencion Del Señor,100101423
4,DAS IV,Dispensario Med. Oscar Santana,100101424
4,DAS IV,Dispensario Med. San Rafael,100101425
4,DAS IV,Dispensario Med. Santa Ana,100101426
4,DAS IV,Dispensario Parroquial Santo Cura de ARS,100101427
4,DAS IV,Dispensario Puerto Isabela,100101428
4,DAS IV,Dispensaro Med. Padre Marcilla,100101429
4,DAS IV,Dispesario Med. Los Manguitos,100101430
4,DAS IV,Guandule 2,100101431
4,DAS IV,Hospital Dr. Francisco M. Puello,100101432
4,DAS IV,Hospital Felix Maria Goico,100101433
4,DAS IV,Maria Axiliadora,100101434
4,DAS IV,Politecnico Cardenal Sancha,100101435
4,DAS IV,Profamilia DAS IV,100101436
4,DAS IV,San Pablo Apostal,100101437
4,DAS IV,SODECA,100101438
5,DAS V,CPN  Ayuntamiento D.N.,100101510
5,DAS V,CPN Centro Sanitario Santo Domingo,100101511
5,DAS V,CPN Club de Villa Francisca,100101512
5,DAS V,CPN CODIA,100101513
5,DAS V,CPN Disp. Medico La Trinidad,100101514
5,DAS V,CPN IDSS Policlínica Zona B,100101515
5,DAS V,CPN INFOTEP,100101516
5,DAS V,CPN UASD Dr. Manuel Tejada Florentino,100101517
5,DAS V,"CPN Zona G, IDSS",100101518
5,DAS V,ESCUDEA,100101519
5,DAS V,Hogar Vida y Esperanza,100101520
5,DAS V,Hosp. De La Mujer IDSS,100101521
5,DAS V,Hosp. Nuestra Sra. De la Altagracia,100101522
5,DAS V,Hosp. Sub-Centro Mata Hambre,100101523
5,DAS V,Hospital Central Fuerzas Armadas,100101524
5,DAS V,Hospital General de la Policía Nacional,100101525
5,DAS V,HOSPITAL INFANTIL ROBERT REED,100101526
5,DAS V,Kids Labs Center Ensache Julieta,100101527
5,DAS V,Kids Labs Center Gazcue,100101528
5,DAS V,PEDIVAC,100101529
5,DAS V,Primer Integral,100101530
5,DAS V,Primer Millón,100101531
5,DAS V,PUCMM,100101532
5,DAS V,UNAP Los Praditos,100101533
5,DAS V,UNAPS 30 de Mayo,100101534
5,DAS V,UNAPS Manganagua,100101535
5,DAS V,UNAPS POASI,100101536
5,DAS V,UNIVANU,100101537
5,DAS V,VACUNAME,100101538
6,DAS VI,CPN M. Secretaria de Agricultura,100101610
6,DAS VI,CPN San José de Calazan,100101611
6,DAS VI,CPNA  La Isabela,100101612
6,DAS VI,CPNA Cons. Los Girasoles II,100101613
6,DAS VI,CPNA Disp. Los Peralejos,100101614
6,DAS VI,CPNA Dispensario La Agustinita,100101615
6,DAS VI,CPNA Pedro Mir,100101616
6,DAS VI,Hosp. Jacinto Ignacio Mañón,100101617
6,DAS VI,Hospital Plaza de la Salud,100101618
6,DAS VI,Hospital Santo Socorro,100101619
6,DAS VI,Ministerio de Salud Pública (MSP),100101620
6,DAS VI,Plaza de la Salud (Publico),100101621
6,DAS VI,Universidad Pedro Henrriquez Ureña (UNPHU),100101622
7,DAS VII,CPN Club 16 de Agosto,100101710
7,DAS VII,CPN De la Mano Con Jesús,100101711
7,DAS VII,CPN El Palmar,100101712
7,DAS VII,CPN Especializado Díaz Piñeyro,100101713
7,DAS VII,CPN Fundación Jesús en Ti Confio,100101714
7,DAS VII,CPN HATO NUEVO,100101715
7,DAS VII,"CPN IDSS, Zona F",100101716
7,DAS VII,CPN LA CIENEGA,100101717
7,DAS VII,CPN Las Palmas,100101718
7,DAS VII,CPN Manoguayabo,100101719
7,DAS VII,CPN Marcelinito De Las Palmas,100101720
7,DAS VII,CPN Misión Enmanuel (El Cielo),100101721
7,DAS VII,CPN Nilda Valpiana,100101722
7,DAS VII,CPN Nuestra Señora Guadalupe,100101723
7,DAS VII,CPN PALAVE,100101724
7,DAS VII,CPN Pan y vino,100101725
7,DAS VII,CPN Parroquia Espíritu Santos,100101726
7,DAS VII,CPN PROFAMILIA,100101727
7,DAS VII,CPN Sagrado Corazón de Jesús,100101728
7,DAS VII,Hospital Dr. Marcelino Vélez,100101729
7,DAS VII,Hospital Engombe,100101730
7,DAS VII,Hospital Local Las Caóbas,100101731
7,DAS VII,SOCIEDAD LUCA,100101732
7,DAS VII,UNAPS  Bayona,100101733
7,DAS VII,UNAPS  El Libertador,100101734
7,DAS VII,UNAPS  Martina Gómez,100101735
8,DAS VIII,Hospital Rodolfo de la Cruz Lora,100101810
8,DAS VIII,ONG  Cardenal Sánchez,100101811
8,DAS VIII,ONG Cristo  Obrero Fe y Alegría,100101812
8,DAS VIII,ONG Ntra. Sra. Buen C. Fe Alegría-Batey Lechería,100101813
8,DAS VIII,UNAPS  El Pedregal,100101814
8,DAS VIII,UNAPS  la Cuaba,100101815
8,DAS VIII,UNAPS  Santa Rosa,100101816
8,DAS VIII,UNAPS Juan Pablo Segundo,100101817
8,DAS VIII,UNAPS La Guáyiga,100101818
1,DAS I,CPNA El Bonito,103201110
1,DAS I,CPNA El Cabreto,103201111
1,DAS I,CPNA El Mamon,103201112
1,DAS I,CPNA Fe y Esperanza,103201113
1,DAS I,CPNA Fraile II,103201114
1,DAS I,CPNA Frailes III,103201115
1,DAS I,CPNA Guerra,103201116
1,DAS I,CPNA Hainamosa,103201117
1,DAS I,CPNA Halimax,103201118
1,DAS I,CPNA Ingenio Ozama (San Luís),103201119
1,DAS I,CPNA La Joya,103201120
1,DAS I,CPNA La Ureña,103201121
1,DAS I,CPNA Los Frailes I,103201122
1,DAS I,CPNA Los Tanquecito,103201123
1,DAS I,CPNA Margara Tamarindo,103201124
1,DAS I,CPNA Mata de Palma,103201125
1,DAS I,CPNA Mendoza,103201126
1,DAS I,CPNA Monte Adentro,103201127
1,DAS I,CPNA San  Isidro,103201128
1,DAS I,CPNA San Bartolo,103201129
1,DAS I,Fundación Monseñor Gómez,103201130
1,DAS I,Hosp.  Municipal Andrés Boca Chica,103201131
1,DAS I,Hosp. Local el Almirante,103201132
1,DAS I,Hosp. Militar FFAA Dr Ramón de Lara,103201133
1,DAS I,Sub-centro Santo Tomas Villa Nueva,103201134
2,DAS II,CPN  Tu Mujer,103201210
2,DAS II,CPN  Vietnan,103201211
2,DAS II,CPN (Armada Dominicana) Marina de Guerra,103201212
2,DAS II,CPN Auxilio Mutuo,103201213
2,DAS II,CPN COSALUP,103201214
2,DAS II,CPN Las Lilas,103201215
2,DAS II,CPN Nuestra Señora Del Rosario,103201216
2,DAS II,CPN Plan Social de la Presidencia,103201217
2,DAS II,CPN Policlinica Zona E (IDSS),103201218
2,DAS II,CPN San José-La Barquita,103201219
2,DAS II,Hosp. Materno Infantil San Lorenzo de Los Mina,103201220
2,DAS II,Hospital Dr.  Dario Contreras,103201221
2,DAS II,Hospital Municipal de Los Minas,103201222
2,DAS II,Hospital Municipal de Ralma,103201223
2,DAS II,Hospital Municipal de Villa Duarte,103201224
2,DAS II,Mets Gravitas,103201225
2,DAS II,PFV privado UNIVANO,103201226
2,DAS II,Primed Integral,103201227
2,DAS II,UNAPS Isabelita,103201228
3,DAS III,CPN APRODEMIS,103203310
3,DAS III,CPN Familias Unidas,103203311
3,DAS III,CPN Fe y Alegria,103203312
3,DAS III,CPN FEDOPO,103203313
3,DAS III,CPN La Caridad,103203314
3,DAS III,CPN Las Palmillas,103203315
3,DAS III,CPN Lotes y servicios,103203316
3,DAS III,CPN Mata Mamon,103203317
3,DAS III,CPN Nueva Isabela,103203318
3,DAS III,Funsainfa,103203319
3,DAS III,Guarderia Parroquial El Almendro,103203320
3,DAS III,Hosp. Pediatrico Hugo Mendoza,103203321
3,DAS III,Hospital M. Hacienda Estrella,103203322
3,DAS III,Hospital Materno Dr. Reynaldo Almanzar,103203323
3,DAS III,Hospital Traumatologico Dr. Ney Arias L,103203324
3,DAS III,Hospital Villa Mella,103203325
3,DAS III,UNAP Virgen de la Altagracia,103203326
3,DAS III,UNAPS  Ave Maria,103203327
3,DAS III,UNAPS  Los Casabes,103203328
3,DAS III,UNAPS  Ponce Adentro,103203329
3,DAS III,UNAPS  Villa Carmela,103203330
3,DAS III,UNAPS Guanuma,103203331
3,DAS III,UNAPS La Javilla,103203332
3,DAS III,UNAPS La Unión,103203333
3,DAS III,UNAPS Sierra Prieta,103203334
19,Espaillat,UNAPS  La Manzana,109011910
19,Espaillat,UNAPS  Las Flores,109011911
19,Espaillat,UNAPS  Zafarraya,109011912
19,Espaillat,UNAPS Barrio Viejo Puerto rico,109011913
19,Espaillat,UNAPS Boca Ferrea,109011914
19,Espaillat,UNAPS Bonagua,109011915
19,Espaillat,UNAPS Canca La Reina,109011916
19,Espaillat,UNAPS Cuero Duro,109011917
19,Espaillat,UNAPS El Corozo,109011918
19,Espaillat,UNAPS Guauci,109011919
19,Espaillat,UNAPS Higuerito,109011920
19,Espaillat,UNAPS La Guazuma,109011921
19,Espaillat,UNAPS la Isleta,109011922
19,Espaillat,UNAPS Las Lagunas,109011923
19,Espaillat,UNAPS Los López,109011924
19,Espaillat,UNAPS Los Panchos,109011925
19,Espaillat,UNAPS Manuel Rodríguez,109011926
19,Espaillat,UNAPS Monte de la Jagua,109011927
19,Espaillat,UNAPS Nuevo Puerto Rico,109011928
19,Espaillat,UNAPS ORTEGA,109011929
19,Espaillat,UNAPS Palma Herrada,109011930
19,Espaillat,UNAPS Puesto Grande,109011931
19,Espaillat,UNAPS Quebrada Honda,109011932
19,Espaillat,UNAPS Reparadero,109011933
19,Espaillat,UNAPS Sal si puedes,109011934
19,Espaillat,UNAPS San Francisco Arriba,109011935
19,Espaillat,UNAPS San Víctor,109011936
19,Espaillat,UNAPS Santa Rosa,109011937
19,Espaillat,UNAPS Tierra Dura,109011938
19,Espaillat,UNAPS Villa Cafetalera,109011939
32,Puerto Plata,UNAP Josue,118013210
32,Puerto Plata,UNAP Maimon,118013211
32,Puerto Plata,UNAP Muñoz,118013212
32,Puerto Plata,UNAP Padre Granero,118013213
32,Puerto Plata,UNAP Padre Las Casas,118013214
32,Puerto Plata,UNAP San Marcos,118013215
32,Puerto Plata,Unap Yasica,118013216
10,DAS Santiago II,CDX Los Guandules,125011041
10,DAS Santiago II,Clinica-Profamilia,125011042
10,DAS Santiago II,Consultorio UASD,125011043
10,DAS Santiago II,CPN  La Joya,125011044
10,DAS Santiago II,CPN Barrio Nuevo La Herradura,125011045
10,DAS Santiago II,CPN Bella Vista,125011046
10,DAS Santiago II,CPN Buen Pastor,125011047
10,DAS Santiago II,CPN Hato del Yaque,125011048
10,DAS Santiago II,CPN La Canela,125011049
10,DAS Santiago II,CPN Las Charcas,125011050
10,DAS Santiago II,CPN Mamatingo,125011051
10,DAS Santiago II,CPN Otra Banda,125011052
10,DAS Santiago II,CPN Platanal STG2 ,125011053
10,DAS Santiago II,CPN Villa Bao,125011054
10,DAS Santiago II,CPN Villa Liberación,125011055
10,DAS Santiago II,CPN Villa Tabacalera,125011056
10,DAS Santiago II,CPN Yaguita Pastor,125011057
10,DAS Santiago II,Hospital Bella Vista,125011058
10,DAS Santiago II,Hospital Hato del Yaque,125011059
10,DAS Santiago II,Red Misericordia,125011060
11,DAS Santiago III,Clínica  Privada SEMMA,125011161
11,DAS Santiago III,Clinica Corominas,125011162
11,DAS Santiago III,Clinica Privada  Materno Infantil,125011163
11,DAS Santiago III,ClInica Unión Médica del Norte,125011164
11,DAS Santiago III,Clinica Bonillas ,125011165
11,DAS Santiago III,CPN  Korea,125011166
11,DAS Santiago III,CPN Arroyo Hondo,125011167
11,DAS Santiago III,CPN Baitoa,125011168
11,DAS Santiago III,CPN Barrio Lindo,125011169
11,DAS Santiago III,CPN Barrio Obrero,125011170
11,DAS Santiago III,CPN Hato Mayor,125011171
11,DAS Santiago III,CPN Haya Caimito,125011172
11,DAS Santiago III,CPN La Ceibita,125011173
11,DAS Santiago III,CPN Los Martires,125011174
11,DAS Santiago III,CPN San Nicolas,125011175
11,DAS Santiago III,Hospital  Juan XXIII,125011176
11,DAS Santiago III,Hospital  Metropolitano de Santiago- HOMS,125011177
11,DAS Santiago III,Hospital Baitoa,125011178
11,DAS Santiago III,Hospital Monte Adentro,125011179
11,DAS Santiago III,Hospital Regional Univ. Jose María Cabral y Báez,125011180
11,DAS Santiago III,Puesto Privado PRIMET,125011181
11,DAS Santiago III,CPN San Jose Afuera,125081110
25,La Vega,CPN  Rancho Viejo,213012510
25,La Vega,CPN  Soto,213012511
25,La Vega,CPN 7S,213012512
25,La Vega,CPN Bacui,213012513
25,La Vega,CPN Barranca,213012514
25,La Vega,CPN Bayacanes,213012515
25,La Vega,CPN Bonagua,213012516
25,La Vega,CPN Burende,213012517
25,La Vega,CPN Centro El Carmen,213012518
25,La Vega,CPN El Mamey,213012519
25,La Vega,CPN El Pinito Sabaneta,213012521
25,La Vega,CPN El Pino,213012522
25,La Vega,CPN El Tanque,213012523
25,La Vega,CPN Gina Hueca,213012524
25,La Vega,CPN Guaco,213012525
25,La Vega,CPN Jagua Gorda,213012526
25,La Vega,CPN Jimayaco,213012527
25,La Vega,CPN La Torre,213012528
25,La Vega,CPN Las Cabuyas,213012529
25,La Vega,CPN Las Carmelitas,213012530
25,La Vega,CPN Las Uvas,213012531
25,La Vega,CPN Las Yayas,213012532
25,La Vega,CPN Los Pomos,213012533
25,La Vega,CPN Los Valerios,213012534
25,La Vega,CPN María Auxiliadora,213012535
25,La Vega,CPN Naranjal,213012536
25,La Vega,CPN Nivaje,213012537
25,La Vega,CPN Papanao,213012538
25,La Vega,CPN Pocilgas,213012539
25,La Vega,CPN Ranchito,213012540
25,La Vega,CPN Rio Seco,213012541
25,La Vega,CPN Sabana de los Jiménez,213012542
25,La Vega,CPN Sabana Rey,213012543
25,La Vega,CPN Sabaneta,213012544
25,La Vega,CPN San Miguel,213012545
25,La Vega,CPN Santo Cerro,213012546
25,La Vega,Hospital CENSAIDE,213012547
25,La Vega,Hospital Dr. Luis M. Morillo King,213012548
25,La Vega,Hospital Dra. Armida García,213012549
25,La Vega,Hospital M. Juan A. Castillo,213012550
25,La Vega,CPN Tireo,213022510
25,La Vega,Hospital Dr. Pedro A. Céspedes,213022511
25,La Vega,CPN Jima Abajo,213042510
25,La Vega,CPN Jima Arriba,213042511
25,La Vega,CPN Rincon,213042512
25,La Vega,CPN San Bartolo,213042513
25,La Vega,Hospital Mun. Jima Abajo,213042514
38,Sánchez Ramírez,CPN Chacuey,224013810
38,Sánchez Ramírez,CPN Club Rotario,224013811
38,Sánchez Ramírez,CPN Comedero Arriba,224013812
38,Sánchez Ramírez,CPN El Limón,224013813
38,Sánchez Ramírez,CPN Inmaculada Concepción (iglesia),224013814
38,Sánchez Ramírez,CPN La Atalaya,224013815
38,Sánchez Ramírez,CPN La Cruz,224013816
38,Sánchez Ramírez,CPN LA ESTANCIA,224013817
38,Sánchez Ramírez,CPN Las Dos Palmas,224013818
38,Sánchez Ramírez,CPN Libertad,224013819
38,Sánchez Ramírez,CPN Pedro Francisco Bono,224013820
38,Sánchez Ramírez,CPN Platanal,224013821
38,Sánchez Ramírez,CPN Pueblo Nuevo SR,224013822
38,Sánchez Ramírez,CPN Quita Sueño,224013823
38,Sánchez Ramírez,CPN Saballo,224013824
38,Sánchez Ramírez,Hospital Dr. Ramon Baez,224013825
38,Sánchez Ramírez,Hospital Inmaculada Concepción,224013826
38,Sánchez Ramírez,CPN Los Castellanos,224043810
38,Sánchez Ramírez,CPN Los Corozos,224043811
38,Sánchez Ramírez,Hospital Munc. La Mata,224043813
27,Monseñor Nouel,UNAPS  Jayaco,228012710
27,Monseñor Nouel,UNAPS  Padre Adolfo Casado Generación 2000,228012711
27,Monseñor Nouel,UNAPS  Villa Liberación,228012712
27,Monseñor Nouel,UNAPS Alfredo  Pérez Vargas,228012713
27,Monseñor Nouel,UNAPS Arroyo Toro,228012714
27,Monseñor Nouel,UNAPS Bonaito,228012715
27,Monseñor Nouel,UNAPS Caño Piedra,228012716
27,Monseñor Nouel,UNAPS Caribe,228012717
27,Monseñor Nouel,UNAPS Cruce de Blanco,228012718
27,Monseñor Nouel,UNAPS El Verde,228012719
27,Monseñor Nouel,UNAPS Hato Viejo,228012720
27,Monseñor Nouel,UNAPS Juma,228012721
27,Monseñor Nouel,UNAPS La Ceiba,228012722
27,Monseñor Nouel,UNAPS Los Arroces,228012723
27,Monseñor Nouel,UNAPS Los Quemados MS,228012724
27,Monseñor Nouel,UNAPS Máximo Gómez,228012725
27,Monseñor Nouel,UNAPS Prosperidad,228012726
27,Monseñor Nouel,UNAPS Rancho Nuevo,228012727
27,Monseñor Nouel,UNAPS Sabana del Puerto,228012728
27,Monseñor Nouel,UNAPS San Isidro,228012729
27,Monseñor Nouel,UNAPS San José,228012730
27,Monseñor Nouel,UNAPS San Pedro San pablo,228012731
16,Duarte,CPN Cristo Rey,306011610
16,Duarte,CPN El Cercado,306011611
16,Duarte,CPN Genimo,306011612
16,Duarte,CPN Guiza,306011613
16,Duarte,CPN Hermanas Mirabal,306011614
16,Duarte,CPN La Peña,306011615
16,Duarte,CPN- LA SEQUIA ,306011616
16,Duarte,CPN La Yaguiza,306011617
16,Duarte,CPN Las Guazumas,306011618
16,Duarte,CPN Los Grullones,306011619
16,Duarte,CPN Madrigal,306011620
16,Duarte,CPN Santa Ana,306011621
16,Duarte,CPN Vista al Valle,306011622
16,Duarte,CPN-AZLOR ,306011623
16,Duarte,CPN-LAS COLINAS ,306011624
16,Duarte,CPN-LOMA DE LA JOYA ,306011625
16,Duarte,CPN-PORQUERO ,306011626
16,Duarte,CPN-UCNE ,306011627
16,Duarte,DPS-DUARTE ,306011628
16,Duarte,Hosp. Dr.  Federico Lavandier,306011629
16,Duarte,Hosp. Mario Fernández,306011630
16,Duarte,Hospital San Vicente de Paul,306011631
16,Duarte,Profamilia,306011632
16,Duarte,UASD SAN FRANCISCO DE MACORÍS,306011633
21,Hermanas Mirabal,UNAPS Dra. Fe Violeta,319012110
21,Hermanas Mirabal,UNAPS El Rancho,319012111
21,Hermanas Mirabal,UNAPS Las Cuevas,319012112
21,Hermanas Mirabal,UNAPS Monte Adentro,319012113
33,Samaná,UNAPS Las Pascuala,320013310
33,Samaná,UNAPS Los Cacaos,320013311
33,Samaná,UNAPS Patria Mullix,320013312
33,Samaná,UNAPS Rancho Español,320013313
15,Dajabon,UNAPS Los Miches,405011510
15,Dajabon,UNAPS Loyola,405011511
15,Dajabon,UNAPS Sabana Larga DAJABON,405011512
28,Monte Cristi,UNAPS Monte Carmelo-Guayubin,415032810
28,Monte Cristi,UNAPS Piloto,415032811
28,Monte Cristi,UNAPS Villa Sinda,415032812
39,Santiago Rodríguez,UNAPS Clavijo,426013910
39,Santiago Rodríguez,UNAPS El Jobo,426013911
39,Santiago Rodríguez,UNAPS El Pino I,426013912
39,Santiago Rodríguez,UNAPS El Tamarindo,426013913
39,Santiago Rodríguez,UNAPS La Leonor,426013914
39,Santiago Rodríguez,UNAPS las Caobas,426013915
39,Santiago Rodríguez,UNAPS Las Espinas,426013916
39,Santiago Rodríguez,UNAPS Tomine,426013917
40,Valverde,UNAPS  Guatapanal,427014010
40,Valverde,UNAPS Boca de Mao 2,427014011
40,Valverde,UNAPS Boruco,427014012
40,Valverde,UNAPS Carlos Daniel,427014013
40,Valverde,UNAPS El Samán,427014014
40,Valverde,UNAPS Gurabo,427014015
40,Valverde,UNAPS Jinamagao,427014016
40,Valverde,UNAPS La Mina,427014017
40,Valverde,UNAPS La Yagua,427014018
40,Valverde,UNAPS Las 300,427014019
40,Valverde,UNAPS Las 40,427014020
40,Valverde,UNAPS Los Bonillas,427014021
40,Valverde,UNAPS Los Cayucos,427014022
40,Valverde,UNAPS Los Quemados,427014023
40,Valverde,UNAPS Los Restauradores,427014024
40,Valverde,UNAPS Motocrós,427014025
40,Valverde,UNAPS Pueblo Nuevo Valverde,427014026
40,Valverde,UNAPS San Antonio,427014027
40,Valverde,UNAPS Santo Niño de Praga-Guardería Infantil,427014028
40,Valverde,UNAPS Cacheo,427024010
40,Valverde,UNAPS D' Clase,427024011
40,Valverde,UNAPS Enriquillo,427024012
40,Valverde,UNAPS José Fco. Peña Gómez,427024013
40,Valverde,UNAPS Paraíso,427024014
40,Valverde,UNAPS Villa Muñoz,427024015
12,Azua,UNAPS  Ansonia,502011210
12,Azua,UNAPS  Las Lomas,502011211
12,Azua,UNAPS  Los Negros,502011212
12,Azua,UNAPS  Villa Corazón de Jesús,502011213
12,Azua,UNAPS Barreras,502011214
12,Azua,UNAPS El Barro,502011215
12,Azua,UNAPS Finca 6,502011216
12,Azua,UNAPS La Cuchilla,502011217
12,Azua,UNAPS Las Barias,502011218
12,Azua,UNAPS Los Jovillos,502011219
12,Azua,UNAPS Los Parceleros,502011220
12,Azua,UNAPS. El Prado,502011221
12,Azua,UNAPS.-La Colonia,502011222
31,Peravia,CPN  Las Calderas,517013110
31,Peravia,CPN  Las Tablas,517013111
31,Peravia,CPN  Río Arriba,517013112
31,Peravia,CPN  Valdesía,517013113
31,Peravia,CPN  Villa David,517013114
31,Peravia,CPN  Villa Guera,517013115
31,Peravia,CPN Ana Antonia Lara (Las Carreras),517013116
31,Peravia,CPN Don Jesús Barias (Arroyo Hondo),517013117
31,Peravia,CPN Dr. José R. Dorrejo (Santa Rosa),517013118
31,Peravia,CPN El Limonal,517013119
31,Peravia,CPN Fund. De Peravia( José Fco. Peña Gómez),517013120
31,Peravia,CPN La Saona I,517013121
31,Peravia,CPN Las Barias,517013122
31,Peravia,CPN Los  Yaguarizos,517013123
31,Peravia,CPN Los Tumbaos,517013124
31,Peravia,CPN Luis Alfonso Matos (Salinas),517013125
31,Peravia,CPN Mata Gorda,517013126
31,Peravia,CPN Nancy Ortiz (Matanzas),517013127
31,Peravia,CPN Paya,517013128
31,Peravia,CPN Quija Quieta,517013129
31,Peravia,CPN Rosa Nova (Catalina),517013130
31,Peravia,CPN Sabana Buey,517013131
31,Peravia,CPN Sinforosa Martínez (Honduras),517013132
31,Peravia,CPN Villa Majega,517013133
31,Peravia,CPN Villa Sombrero,517013134
31,Peravia,CPN Wilson Bello (20-30),517013135
31,Peravia,Disp. Hna. Rosa de Meras,517013136
31,Peravia,Disp. Punta Catalina,517013137
31,Peravia,Hospital Nuestra Señora de Regla,517013138
31,Peravia,Hospital Villa Fundación,517013139
31,Peravia,UNAP Escondido II,517013140
34,San Cristobal,CPN CEPAE,521013410
34,San Cristobal,CPN CONANI  (El Castillito),521013411
34,San Cristobal,CPN El Pomier,521013412
34,San Cristobal,CPN Estebania Borinquen,521013413
34,San Cristobal,CPN Hatillo,521013414
34,San Cristobal,CPN Jamey,521013415
34,San Cristobal,CPN La Altagracia (Las Casitas),521013416
34,San Cristobal,CPN La Cruz  (Nicolasa Feliz),521013417
34,San Cristobal,CPN La Palmita,521013418
34,San Cristobal,CPN La Piscina,521013419
34,San Cristobal,CPN Las Flores  (Modesto Ogando),521013420
34,San Cristobal,CPN Lava Pie,521013421
34,San Cristobal,CPN Los Molina,521013422
34,San Cristobal,CPN Madre Vieja Norte Centro,521013423
34,San Cristobal,CPN Mata Naranjo,521013424
34,San Cristobal,CPN Moscú,521013425
34,San Cristobal,CPN Najayo Arriba,521013426
34,San Cristobal,CPN Pueblo Nuevo (Milagros de Jesus),521013427
34,San Cristobal,CPN Puerto Rico  (Agripina Perez),521013428
34,San Cristobal,CPN Sabana Toro,521013429
34,San Cristobal,CPN Santa María  (Luz Maria Miliano),521013430
34,San Cristobal,CPN Villa Federico,521013431
34,San Cristobal,CPN Villa Fundación,521013432
34,San Cristobal,CPN Villegas  (Juan Luciano),521013433
34,San Cristobal,Dispensario Medico  Ntra. Sra. De la Paz,521013434
34,San Cristobal,Hospital Juan Pablo Pina,521013435
34,San Cristobal,Hospital Rafael J. Mañon,521013436
34,San Cristobal,Inmuzan,521013437
34,San Cristobal,CPN Paraíso De Dios,521033410
34,San Cristobal,CPN Quita Sueño (Margarita Encarnacion),521033411
34,San Cristobal,Dispensario Medico San Agustín,521033412
34,San Cristobal,Hospital Municipal Bajos de Haina,521033413
34,San Cristobal,ONG Orden de Martha,521033414
34,San Cristobal,SERENA,521033415
34,San Cristobal,CPN EL Silencio,521053410
34,San Cristobal,CPN Guananito,521053411
34,San Cristobal,CPN La Altagracia  (Las Colinas),521053412
34,San Cristobal,CPN La Cuchilla,521053413
34,San Cristobal,CPN Los Mogotes,521053414
34,San Cristobal,CPN Pajarito  (carmita Zapata),521053415
34,San Cristobal,CPN V Centenario (Guarionex Mesa),521053416
34,San Cristobal,CPN Villa Centro,521053417
34,San Cristobal,Hospital  Municipal Villa Altagracia,521053418
35,San José de Ocoa,UNAP Los Ranchitos,531013510
35,San José de Ocoa,UNAP Nizao,531013511
35,San José de Ocoa,UNAP Ojo de Agua,531013512
35,San José de Ocoa,UNAP Palo de Caja,531013513
35,San José de Ocoa,UNAP Pueblo Abajo,531013514
35,San José de Ocoa,UNAP Pueblo Arriba-La Vigía,531013515
35,San José de Ocoa,UNAP San Antonio,531013516
35,San José de Ocoa,UNAP San Luis,531013517
35,San José de Ocoa,UNAP San Rafael,531013518
14,Barahona,UNAPS La Montañita,604011410
14,Barahona,UNAPS La Playa,604011411
14,Barahona,UNAPS La Raqueta,604011412
14,Barahona,UNAPS María Montes,604011413
14,Barahona,UNAPS palo alto,604011414
14,Barahona,UNAPS parmarito,604011415
14,Barahona,UNAPS Pueblo Nuevo,604011416
14,Barahona,UNAPS Santa Elena no funciona,604011417
14,Barahona,UNAPS Sávica,604011418
14,Barahona,UNAPS villa estala,604011419
14,Barahona,UNAPS Villa Estela-No funciona,604011420
17,Elias Piña,UNAPS Sabana Larga,707011710
36,San Juan,UNAPS  El Cacheo,722013610
36,San Juan,UNAPS  El Rosario,722013611
36,San Juan,UNAPS  Guanito,722013612
36,San Juan,UNAPS  Hato del Padre,722013613
36,San Juan,UNAPS  Hato Nuevo,722013614
36,San Juan,UNAPS  Higuerito,722013615
36,San Juan,UNAPS  La Jagua,722013616
36,San Juan,UNAPS  La Maguana,722013617
36,San Juan,UNAPS  Las Charcas de Garabito,722013618
36,San Juan,UNAPS  Las Zanjas,722013619
36,San Juan,UNAPS  Los Bancos,722013620
36,San Juan,UNAPS  Los Trasformadores,722013621
36,San Juan,UNAPS  Mogollon,722013622
36,San Juan,UNAPS  Pedro Corto,722013623
36,San Juan,UNAPS  Punta Caña,722013624
36,San Juan,UNAPS  Sabana Alta,722013625
36,San Juan,UNAPS  Sabaneta,722013626
36,San Juan,UNAPS Corbano Norte,722013627
36,San Juan,UNAPS Cristo Rey,722013628
36,San Juan,UNAPS Ingeñito,722013629
36,San Juan,UNAPS La Florida SJ,722013630
36,San Juan,UNAPS Mirador Norte,722013631
36,San Juan,UNAPS Perpetuo Socorro - Km. 3,722013632
36,San Juan,UNAPS Quijada Quieta,722013633
36,San Juan,UNAPS El Hoyo,722053610
36,San Juan,UNAPS El Naranjo,722053611
36,San Juan,UNAPS Los Cartones,722053612
36,San Juan,UNAPS Pozo Hondo,722053613
36,San Juan,UNAPS Villa Carmen,722053614
18,El Seibo,UNAPS La Guajaba,808011810
18,El Seibo,UNAPS La Higuera,808011811
18,El Seibo,UNAPS Las 500,808011812
18,El Seibo,UNAPS Las Cuchillas,808011813
18,El Seibo,UNAPS Los Botado,808011814
18,El Seibo,UNAPS Magarín,808011815
18,El Seibo,UNAPS Pedro Sánchez,808011816
18,El Seibo,UNAPS Vicentillo,808011817
18,El Seibo,UNAPS Villa Guerrero,808011818
23,La Altagracia,UNAPS  Los Rosales,811012310
23,La Altagracia,UNAPS  Los Sotos,811012311
23,La Altagracia,UNAPS  Pepe Rosario,811012312
23,La Altagracia,UNAPS  San Francisco,811012313
23,La Altagracia,UNAPS  Santana,811012314
23,La Altagracia,UNAPS El Bonao,811012315
23,La Altagracia,UNAPS El Salado,811012316
23,La Altagracia,UNAPS Hato de Mana,811012317
23,La Altagracia,UNAPS Juan P. Duarte,811012318
23,La Altagracia,UNAPS La Enea,811012319
23,La Altagracia,UNAPS La Florida,811012320
23,La Altagracia,UNAPS La Llanada del Cerro,811012321
23,La Altagracia,UNAPS La Malena,811012322
23,La Altagracia,UNAPS La Otra Banda,811012323
23,La Altagracia,UNAPS Las Guamas de Nisibon,811012324
23,La Altagracia,UNAPS Matachalupe,811012325
23,La Altagracia,UNAPS Peñón de los Reyes,811012326
23,La Altagracia,UNAPS San Martin,811012327
23,La Altagracia,UNAPS San Pedro,811012328
23,La Altagracia,UNAPS Verón,811012329
23,La Altagracia,UNAPS Villa Cerro,811012330
23,La Altagracia,UNAPS. Mama Tingo,811012331
24,La Romana,UNAPS Paulina Jiménez.,812012410
24,La Romana,UNAPS San Carlos-Comunal,812012411
24,La Romana,UNAPS Tomas Decir  Villa Verde,812012412
24,La Romana,Vacu-Este,812012413
24,La Romana,UNAPS Cucama,812032410
24,La Romana,UNAPS Kilómetro 14,812032411
24,La Romana,UNAPS Piedra Linda.,812032412
37,San Pedro de Macorís,Hospital Sagrado Corazón de Jesús,923013710
37,San Pedro de Macorís,UNAO Boca de Soco,923013711
37,San Pedro de Macorís,UNAP  Dándole la mano al pobre,923013712
37,San Pedro de Macorís,UNAP  Santa Fe,923013713
37,San Pedro de Macorís,UNAP Angelina,923013714
37,San Pedro de Macorís,UNAP Barrio Blanco,923013715
37,San Pedro de Macorís,UNAP Barrio Japón,923013716
37,San Pedro de Macorís,UNAP Batey Esperanza,923013717
37,San Pedro de Macorís,UNAP Betey Alemán,923013718
37,San Pedro de Macorís,UNAP Buen Pastor,923013719
37,San Pedro de Macorís,UNAP Cámara Junior,923013720
37,San Pedro de Macorís,UNAP Esperanza y Caridad,923013721
37,San Pedro de Macorís,UNAP Las Piedras,923013722
37,San Pedro de Macorís,UNAP Monte Cristi,923013723
37,San Pedro de Macorís,UNAP Pedro Justo Carrión,923013724
37,San Pedro de Macorís,UNAP Plaza 30/30,923013725
37,San Pedro de Macorís,UNAP Punta de Garza SPM,923013726
37,San Pedro de Macorís,UNAP San Martin de Porres,923013727
37,San Pedro de Macorís,UNAP Villa Faro,923013728
29,Monte Plata,CPN La Altagracia,929012910
29,Monte Plata,CPN Meriño,929012911
29,Monte Plata,CPN Pueblo Nuevo,929012912
29,Monte Plata,Hosp. Municipal  Dr. Ángel Contreras,929012913
20,Hato Mayor,UNAP Las Chinas,930012010
20,Hato Mayor,UNAP Las Guamas,930012011
20,Hato Mayor,UNAP Manchado,930012012
20,Hato Mayor,UNAP Morquecho,930012013
20,Hato Mayor,UNAP Ondina,930012014
20,Hato Mayor,UNAP Pringamoza,930012015
20,Hato Mayor,UNAP Puerto Rico,930012016
20,Hato Mayor,UNAP Punta de Garza,930012017
20,Hato Mayor,UNAP Villa Canto,930012018
20,Hato Mayor,UNAP Villa Navarro,930012019
20,Hato Mayor,UNAP Villa Ortega,930012020
20,Hato Mayor,UNAP Yerba Buena,930012021
20,Hato Mayor,UNAPS Los Hatillos,930012022
1,DAS I,Centro DAS - DAS I,101
2,DAS II,Centro DAS - DAS II,201
3,DAS III,Centro DAS - DAS III,301
4,DAS IV,Centro DAS - DAS IV,401
5,DAS V,Centro DAS - DAS V,501
6,DAS VI,Centro DAS - DAS VI,601
7,DAS VII,Centro DAS - DAS VII,701
8,DAS VIII,Centro DAS - DAS VIII,801
9,DAS Santiago I,Centro DAS - DAS Santiago I,901
10,DAS Santiago II,Centro DAS - DAS Santiago II,1001
11,DAS Santiago III,Centro DAS - DAS Santiago III,1101
12,Azua,Centro DAS - Azua,1201
13,Bahoruco,Centro DAS - Bahoruco,1301
14,Barahona,Centro DAS - Barahona,1401
15,Dajabon,Centro DAS - Dajabon,1501
16,Duarte,Centro DAS - Duarte,1601
17,Elias Piña,Centro DAS - Elias Piña,1701
18,El Seibo,Centro DAS - El Seibo,1801
19,Espaillat,Centro DAS - Espaillat,1901
20,Hato Mayor,Centro DAS - Hato Mayor,2001
21,Hermanas Mirabal,Centro DAS - Hermanas Mirabal,2101
22,Independencia,Centro DAS - Independencia,2201
23,La Altagracia,Centro DAS - La Altagracia,2301
24,La Romana,Centro DAS - La Romana,2401
25,La Vega,Centro DAS - La Vega,2501
26,María Trinidad Sánchez,Centro DAS - María Trinidad Sánchez,2601
27,Monseñor Nouel,Centro DAS - Monseñor Nouel,2701
28,Monte Cristi,Centro DAS - Monte Cristi,2801
29,Monte Plata,Centro DAS - Monte Plata,2901
30,Pedernales,Centro DAS - Pedernales,3001
31,Peravia,Centro DAS - Peravia,3101
32,Puerto Plata,Centro DAS - Puerto Plata,3201
33,Samaná,Centro DAS - Samaná,3301
34,San Cristobal,Centro DAS - San Cristobal,3401
35,San José de Ocoa,Centro DAS - San José de Ocoa,3501
36,San Juan,Centro DAS - San Juan,3601
37,San Pedro de Macorís,Centro DAS - San Pedro de Macorís,3701
38,Sánchez Ramírez,Centro DAS - Sánchez Ramírez,3801
39,Santiago Rodríguez,Centro DAS - Santiago Rodríguez,3901
40,Valverde,Centro DAS - Valverde,4001
11,DAS Santiago III,Vacumed,400101
15,Dajabon,UNAP CRUZ DE CABRERA,150502
14,Barahona,UNAP FUNDACION ,140502
14,Barahona,UNAP LA HOYA ,140508
14,Barahona,PEÑO 31 B,140609
27,Monseñor Nouel,Centro Medico PRIMED Bonao,270608
40,Valverde,Unap Villa Diego,400607
40,Valverde,Unap Lagunate,400708
6,DAS VI,Puesto DIV,60606
6,DAS VI,Vista del Jardín,1001011623
34,San Cristobal,CPN Montaño,521053419
34,San Cristobal,CPN San Miguel SC,521053420
34,San Cristobal,CPN Los Montones SC,521053421
37,San Pedro de Macorís,UNAP Don Juan,92304329
37,San Pedro de Macorís,Hospital Dr. N. Veras,92306330
5,DAS V,Medpediatria,100101539
8,DAS VIII,CPN Los Corozos SD,100101819
27,Monseñor Nouel,Las Palmas,228012732
